reference,name,documentation-url,infrastructure-project-type,infrastructure-project-decision,point,entry-date,start-date,end-date
TR010060,A12 Chelmsford to A120 Widening Scheme,https://infrastructure.planninginspectorate.gov.uk/projects/eastern/a12-chelmsford-to-a120-widening-scheme/,Transport,Recommendation,POINT(0.66941292616416 51.81691227551),,,
TR010018,A14 Cambridge to Huntingdon Improvement Scheme,https://infrastructure.planninginspectorate.gov.uk/projects/eastern/a14-cambridge-to-huntingdon-improvement-scheme/,Transport,Decided,POINT(-0.024425190045976 52.278298797179),,,
TR010007,A160 - A180 Port of Immingham Improvement,https://infrastructure.planninginspectorate.gov.uk/projects/yorkshire-and-the-humber/a160-a180-port-of-immingham-improvement/,Transport,Decided,POINT(-0.28130982068221 53.616228362692),,,
TR010017,A19/A1058 Coast Road Junction Improvement,https://infrastructure.planninginspectorate.gov.uk/projects/north-east/a19a1058-coast-road-junction-improvement/,Transport,Decided,POINT(-1.4961024255982 55.009142705196),,,
TR010020,A19 / A184 Testos Junction Improvement,https://infrastructure.planninginspectorate.gov.uk/projects/north-east/a19-a184-testos-junction-improvement/,Transport,Decided,POINT(-1.4723285279145 54.941537684309),,,
TR010024,A19 Downhill Lane Junction Improvement,https://infrastructure.planninginspectorate.gov.uk/projects/north-east/a19-downhill-lane-junction-improvement/,Transport,Decided,POINT(-1.4622810294136 54.934034082814),,,
TR010031,A1 Birtley to Coal House Improvement Scheme,https://infrastructure.planninginspectorate.gov.uk/projects/north-east/a1-birtley-to-coal-house-improvement-scheme/,Transport,Decided,POINT(-1.589733633446 54.913419576902),,,
TR010059,A1 in Northumberland - Morpeth to Ellingham,https://infrastructure.planninginspectorate.gov.uk/projects/north-east/a1-in-northumberland-morpeth-to-ellingham/,Transport,Decision,POINT(-1.7243721702394 55.304531346311),,,
TR010045,A27 Arundel Bypass,https://infrastructure.planninginspectorate.gov.uk/projects/south-east/a27-arundel-bypass/,Transport,Pre Application,POINT(-0.53784295143368 50.842871178314),,,
TR010036,A303 Sparkford to Ilchester Dualling,https://infrastructure.planninginspectorate.gov.uk/projects/south-west/a303-sparkford-to-ilchester-dualling/,Transport,Decided,POINT(-2.6062114436735 51.024462734615),,,
TR010025,A303 Stonehenge,https://infrastructure.planninginspectorate.gov.uk/projects/south-west/a303-stonehenge/,Transport,Decided,POINT(-1.8583777768001 51.171233294644),,,
TR010026,A30 Chiverton to Carland Cross Scheme,https://infrastructure.planninginspectorate.gov.uk/projects/south-west/a30-chiverton-to-carland-cross-scheme/,Transport,Decided,POINT(-5.0893755493183 50.312370961563),,,
TR010014,A30 Temple to Higher Carblake Improvement,https://infrastructure.planninginspectorate.gov.uk/projects/south-west/a30-temple-to-higher-carblake-improvement/,Transport,Decided,POINT(-4.6046076928618 50.537857923832),,,
TR010061,A358 Taunton to Southfields,https://infrastructure.planninginspectorate.gov.uk/projects/south-west/a358-taunton-to-southfields/,Transport,Pre Application,POINT(-3.006553108634 50.973584459998),,,
TR010022,A38 Derby Junctions,https://infrastructure.planninginspectorate.gov.uk/projects/east-midlands/a38-derby-junctions/,Transport,Decided,POINT(-1.497023835792 52.932710227814),,,
TR010056,A417 Missing Link,https://infrastructure.planninginspectorate.gov.uk/projects/south-west/a417-missing-link/,Transport,Decided,POINT(-2.0875005435365 51.838296154784),,,
TR010044,A428 Black Cat to Caxton Gibbet Road Improvement scheme,https://infrastructure.planninginspectorate.gov.uk/projects/eastern/a428-black-cat-to-caxton-gibbet-road-improvement-scheme/,Transport,Decided,POINT(-0.19541840882387 52.223745439538),,,
TR010066,A46 Coventry Junctions (Walsgrave),https://infrastructure.planninginspectorate.gov.uk/projects/west-midlands/a46-coventry-junctions-walsgrave/,Transport,Pre Application,POINT(-1.4268080339308 52.425218725261),,,
TR010065,A46 Newark Bypass,https://infrastructure.planninginspectorate.gov.uk/projects/east-midlands/a46-newark-bypass/,Transport,Pre Application,POINT(-0.80632401217696 53.086972406357),,,
TR010037,A47 - A11 Thickthorn Junction,https://infrastructure.planninginspectorate.gov.uk/projects/eastern/a47-a11-thickthorn-junction/,Transport,Decided,POINT(1.2240515214472 52.602098112446),,,
TR010040,A47 Blofield to North Burlingham,https://infrastructure.planninginspectorate.gov.uk/projects/eastern/a47-blofield-to-north-burlingham/,Transport,Decided,POINT(1.4838129521676 52.636112287786),,,
TR010038,A47 North Tuddenham to Easton,https://infrastructure.planninginspectorate.gov.uk/projects/eastern/a47-north-tuddenham-to-easton/,Transport,Decided,POINT(1.1000867711192 52.666571397508),,,
TR010039,A47 Wansford to Sutton,https://infrastructure.planninginspectorate.gov.uk/projects/eastern/a47-wansford-to-sutton/,Transport,Decided,POINT(-0.39256812255233 52.582032466239),,,
TR010033,A5036 Port of Liverpool Access Scheme,https://infrastructure.planninginspectorate.gov.uk/projects/north-west/a5036-port-of-liverpool-access-scheme/,Transport,Pre Application,POINT(-2.9965170502622 53.491084383185),,,
TR010002,A556 Knutsford to Bowdon Scheme,https://infrastructure.planninginspectorate.gov.uk/projects/north-west/a556-knutsford-to-bowdon-scheme/,Transport,Decided,POINT(-2.3997802964675 53.340864857443),,,
TR010034,A57 Link Roads (previously known as Trans Pennine Upgrade Programme),https://infrastructure.planninginspectorate.gov.uk/projects/north-west/a57-link-roads-previously-known-as-trans-pennine-upgrade-programme/,Transport,Decided,POINT(-2.0035245794988 53.458480292203),,,
TR010035,A585 Windy Harbour to Skippool Improvement Scheme,https://infrastructure.planninginspectorate.gov.uk/projects/north-west/a585-windy-harbour-to-skippool-improvement-scheme/,Transport,Decided,POINT(-2.9588116283646 53.84694871857),,,
TR010016,A63 Castle Street Improvement-Hull,https://infrastructure.planninginspectorate.gov.uk/projects/yorkshire-and-the-humber/a63-castle-street-improvement-hull/,Transport,Decided,POINT(-0.34200628801889 53.740270028148),,,
TR010062,A66 Northern Trans-Pennine Project,https://infrastructure.planninginspectorate.gov.uk/projects/north-west/a66-northern-trans-pennine-project/,Transport,Decision,POINT(-2.2268972813919 54.524482910301),,,
EN010069,Abergelli Power,https://infrastructure.planninginspectorate.gov.uk/projects/wales/abergelli-power/,Energy,Decided,POINT(-3.9493988344492 51.694979417985),,,
TR030001,Able Marine Energy Park,https://infrastructure.planninginspectorate.gov.uk/projects/yorkshire-and-the-humber/able-marine-energy-park/,Transport,Decided,POINT(-0.22472849655193 53.652623106889),,,
TR030005,Able Marine Energy Park Material Change 1,https://infrastructure.planninginspectorate.gov.uk/projects/yorkshire-and-the-humber/able-marine-energy-park-material-change-1/,Transport,Pre Application,POINT(-0.21890249959667 53.650100130539),,,
TR030006,Able Marine Energy Park Material Change 2,https://infrastructure.planninginspectorate.gov.uk/projects/yorkshire-and-the-humber/able-marine-energy-park-material-change-2/,Transport,Decided,POINT(-0.22191426541933 53.654046791325),,,
EN030003,Aldbrough Hydrogen Storage,https://infrastructure.planninginspectorate.gov.uk/projects/yorkshire-and-the-humber/aldbrough-hydrogen-storage/,Energy,Pre Application,POINT(-0.082083766088987 53.808836964011),,,
EN010037,Alexandra Dock Biomass Project,https://infrastructure.planninginspectorate.gov.uk/projects/north-west/alexandra-dock-biomass-project/,Energy,Withdrawn,POINT(-3.0082611984401 53.451717962899),,,
EN020022,AQUIND Interconnector,https://infrastructure.planninginspectorate.gov.uk/projects/south-east/aquind-interconnector/,Energy,Decided,POINT(-1.0386638555324 50.91681089625),,,
EN010034,Avon Power Station 950 MW output,https://infrastructure.planninginspectorate.gov.uk/projects/south-west/avon-power-station-950-mw-output/,Energy,Pre Application,POINT(-2.6623563258003 51.546028906444),,,
EN010112,Awel y MÃ´r Offshore Wind Farm,https://infrastructure.planninginspectorate.gov.uk/projects/wales/awel-y-mor-offshore-wind-farm/,Energy,Decision,POINT(-3.4521683637638 53.3328278924),,,
EN010151,Beacon Fen Energy Park,https://infrastructure.planninginspectorate.gov.uk/projects/east-midlands/beacon-fen-energy-park/,Energy,Pre Application,POINT(-0.2919634494813 53.015451325328),,,
TR040010,Bere Alston to Tavistock Railway Reinstatement and Associated Trails,https://infrastructure.planninginspectorate.gov.uk/projects/south-west/bere-alston-to-tavistock-railway-reinstatement-and-associated-trails/,Transport,Pre Application,POINT(-4.1594713373231 50.507866125723),,,
EN010095,Boston Alternative Energy Facility (BAEF),https://infrastructure.planninginspectorate.gov.uk/projects/east-midlands/boston-alternative-energy-facility-baef/,Energy,Decided,POINT(-0.0054837343776541 52.960355263815),,,
EN010147,Botley West Solar Farm,https://infrastructure.planninginspectorate.gov.uk/projects/south-east/botley-west-solar-farm/,Energy,Pre Application,POINT(-1.3516621749172 51.809771091263),,,
EN010111,Bradwell B new nuclear power station,https://infrastructure.planninginspectorate.gov.uk/projects/eastern/bradwell-b-new-nuclear-power-station/,Energy,Pre Application,POINT(0.91181026868639 51.743137466208),,,
EN020002,Bramford to Twinstead,https://infrastructure.planninginspectorate.gov.uk/projects/eastern/bramford-to-twinstead/,Energy,Examination,POINT(0.85538788369101 52.007770992345),,,
EN020016,Brechfa Forest Connection,https://infrastructure.planninginspectorate.gov.uk/projects/wales/brechfa-forest-connection/,Energy,Decided,POINT(-4.2005839847831 51.957461417424),,,
EN010008,Brechfa Forest West Wind Farm,https://infrastructure.planninginspectorate.gov.uk/projects/wales/brechfa-forest-west-wind-farm/,Energy,Decided,POINT(-4.1478102297536 51.950639064212),,,
EN010026,Burbo Bank Extension offshore wind farm,https://infrastructure.planninginspectorate.gov.uk/projects/north-west/burbo-bank-extension-offshore-wind-farm/,Energy,Decided,POINT(-3.1936378028742 53.479434137016),,,
EN010139,Byers Gill Solar,https://infrastructure.planninginspectorate.gov.uk/projects/north-east/byers-gill-solar/,Energy,Pre Application,POINT(-1.4890030429455 54.580004221202),,,
WW010003,Cambridge Waste Water Treatment Plant Relocation,https://infrastructure.planninginspectorate.gov.uk/projects/eastern/cambridge-waste-water-treatment-plant-relocation/,Waste Water,Pre Examination,POINT(0.19211643509524 52.228225048628),,,
EN010085,Cleve Hill Solar Park,https://infrastructure.planninginspectorate.gov.uk/projects/south-east/cleve-hill-solar-park/,Energy,Decided,POINT(0.92598581618291 51.337996813539),,,
EN010013,Clocaenog Forest Wind Farm,https://infrastructure.planninginspectorate.gov.uk/projects/wales/clocaenog-forest-wind-farm/,Energy,Decided,POINT(-3.3699986998385 53.077095207517),,,
EN020025,Continental Link Multi-Purpose Interconnector,https://infrastructure.planninginspectorate.gov.uk/projects/yorkshire-and-the-humber/continental-link-multi-purpose-interconnector/,Energy,Pre Application,POINT(-0.41499358036049 53.801392766416),,,
EN010128,Cory Decarbonisation Project,https://infrastructure.planninginspectorate.gov.uk/projects/south-east/cory-decarbonisation-project/,Energy,Pre Application,POINT(0.15878225995075 51.504596124701),,,
EN010133,Cottam Solar Project,https://infrastructure.planninginspectorate.gov.uk/projects/east-midlands/cottam-solar-project/,Energy,Examination,POINT(-0.64320784812599 53.352088407103),,,
TR050001,Daventry International Rail Freight Terminal,https://infrastructure.planninginspectorate.gov.uk/projects/east-midlands/daventry-international-rail-freight-terminal/,Transport,Decided,POINT(-1.1700158512869 52.371546364616),,,
TR050009,Daventry International Rail Freight Terminal Expansion,https://infrastructure.planninginspectorate.gov.uk/projects/east-midlands/daventry-international-rail-freight-terminal-expansion/,Transport,Pre Application,POINT(-1.149396565445 52.374497969407),,,
EN010155,Dean Moor Solar Farm,https://infrastructure.planninginspectorate.gov.uk/projects/north-west/dean-moor-solar-farm/,Energy,Pre Application,POINT(-3.4780986067881 54.590836442714),,,
EN010021,Dogger Bank Creyke Beck,https://infrastructure.planninginspectorate.gov.uk/projects/yorkshire-and-the-humber/dogger-bank-creyke-beck/,Energy,Decided,POINT(2.6497700342829 54.297061704001),,,
EN010144,Dogger Bank D Wind Farm,https://infrastructure.planninginspectorate.gov.uk/projects/yorkshire-and-the-humber/dogger-bank-d-wind-farm/,Energy,Pre Application,POINT(2.9431330328443 55.057784396254),,,
EN010125,Dogger Bank South Offshore Wind Farms,https://infrastructure.planninginspectorate.gov.uk/projects/yorkshire-and-the-humber/dogger-bank-south-offshore-wind-farms/,Energy,Pre Application,POINT(1.7050604736244 54.578218845664),,,
EN010051,Dogger Bank Teesside A / Sofia Offshore Wind Farm (formerly Dogger Bank Teesside B) - Project previously known as Dogger Bank Teesside A&B,https://infrastructure.planninginspectorate.gov.uk/projects/yorkshire-and-the-humber/dogger-bank-teesside-a-sofia-offshore-wind-farm-formerly-dogger-bank-teesside-b-project-previously-known-as-dogger-bank-teesside-ab/,Energy,Decided,POINT(2.336706361069 55.208600686546),,,
EN010120,Drax Bioenergy with Carbon Capture and Storage Project,https://infrastructure.planninginspectorate.gov.uk/projects/yorkshire-and-the-humber/drax-bioenergy-with-carbon-capture-and-storage-project/,Energy,Recommendation,POINT(-0.9950817616925099 53.742669336673),,,
EN010091,Drax Re-power,https://infrastructure.planninginspectorate.gov.uk/projects/yorkshire-and-the-humber/drax-re-power/,Energy,Decided,POINT(-0.98955283842731 53.738687645753),,,
EN010077,East Anglia ONE North Offshore Windfarm,https://infrastructure.planninginspectorate.gov.uk/projects/eastern/east-anglia-one-north-offshore-windfarm/,Energy,Decided,POINT(1.6246416432841 52.188915312798),,,
EN010025,East Anglia ONE Offshore Windfarm,https://infrastructure.planninginspectorate.gov.uk/projects/eastern/east-anglia-one-offshore-windfarm/,Energy,Decided,POINT(2.2815982688749 52.682626058175),,,
EN010056,East Anglia THREE Offshore Wind Farm,https://infrastructure.planninginspectorate.gov.uk/projects/eastern/east-anglia-three-offshore-wind-farm/,Energy,Decided,POINT(2.4732733111523 52.695527725547),,,
EN010078,East Anglia TWO Offshore Windfarm,https://infrastructure.planninginspectorate.gov.uk/projects/eastern/east-anglia-two-offshore-windfarm/,Energy,Decided,POINT(1.6246416432841 52.188915312798),,,
TR050002,East Midlands Gateway Rail Freight Interchange,https://infrastructure.planninginspectorate.gov.uk/projects/east-midlands/east-midlands-gateway-rail-freight-interchange/,Transport,Decided,POINT(-1.2988980674868 52.840092546266),,,
TR050003,East Midlands Intermodal Park,https://infrastructure.planninginspectorate.gov.uk/projects/east-midlands/east-midlands-intermodal-park/,Transport,Pre Application,POINT(-1.5868098499715 52.863461367638),,,
WS010001,East Northants Resource Management Facility,https://infrastructure.planninginspectorate.gov.uk/projects/east-midlands/east-northants-resource-management-facility/,Waste,Decided,POINT(-0.51193132937052 52.588088576498),,,
WS010005,East Northants Resource Management Facility Western Extension,https://infrastructure.planninginspectorate.gov.uk/projects/east-midlands/east-northants-resource-management-facility-western-extension/,Waste,Decided,POINT(-0.51786453816254 52.587263826736),,,
TR040012,East West Rail - Bedford to Cambridge and Western improvements,https://infrastructure.planninginspectorate.gov.uk/projects/eastern/east-west-rail-bedford-to-cambridge-and-western-improvements/,Transport,Pre Application,POINT(-0.10395045654611 52.222562887278),,,
EN010143,East Yorkshire Solar Farm,https://infrastructure.planninginspectorate.gov.uk/projects/yorkshire-and-the-humber/east-yorkshire-solar-farm/,Energy,Pre Application,POINT(-0.8539924869389 53.787838374457),,,
EN010081,Eggborough CCGT,https://infrastructure.planninginspectorate.gov.uk/projects/yorkshire-and-the-humber/eggborough-ccgt/,Energy,Decided,POINT(-1.1236777431901 53.712020009546),,,
TR020003,Expansion of Heathrow Airport (Third Runway),https://infrastructure.planninginspectorate.gov.uk/projects/london/expansion-of-heathrow-airport-third-runway/,Transport,Pre Application,POINT(-0.45224644087338 51.471319407145),,,
WA010004,Fens Reservoir,https://infrastructure.planninginspectorate.gov.uk/projects/eastern/fens-reservoir/,Water,Pre Application,POINT(0.08151081338723599 52.479265904874),,,
EN010152,Fenwick Solar Farm,https://infrastructure.planninginspectorate.gov.uk/projects/yorkshire-and-the-humber/fenwick-solar-farm/,Energy,Pre Application,POINT(-1.0887406356008 53.647259423085),,,
EN010094,Ferrybridge D Combined Cycle Gas Turbine (CCGT) Power Station Project,https://infrastructure.planninginspectorate.gov.uk/projects/yorkshire-and-the-humber/ferrybridge-d-combined-cycle-gas-turbine-ccgt-power-station-project/,Energy,Withdrawn,POINT(-1.2805536087871 53.716741350538),,,
EN010061,Ferrybridge Multifuel 2 (FM2) Power Station,https://infrastructure.planninginspectorate.gov.uk/projects/yorkshire-and-the-humber/ferrybridge-multifuel-2-fm2-power-station/,Energy,Decided,POINT(-1.2838564709697 53.722145751867),,,
EN010115,Five Estuaries Offshore Wind Farm,https://infrastructure.planninginspectorate.gov.uk/projects/eastern/five-estuaries-offshore-wind-farm/,Energy,Pre Application,POINT(2.1938957656031 51.970315679307),,,
EN010154,Fosse Green Energy,https://infrastructure.planninginspectorate.gov.uk/projects/eastern/fosse-green-energy/,Energy,Pre Application,POINT(-0.64984922102434 53.152102666192),,,
EN010153,Frodsham Solar Project,https://infrastructure.planninginspectorate.gov.uk/projects/north-west/frodsham-solar-project/,Energy,Pre Application,POINT(-2.7367120106214 53.301171216346),,,
EN010003,Galloper Offshore Wind Farm,https://infrastructure.planninginspectorate.gov.uk/projects/eastern/galloper-offshore-wind-farm/,Energy,Decided,POINT(1.5975873516866 51.859033057263),,,
EN010131,Gate Burton Energy Park,https://infrastructure.planninginspectorate.gov.uk/projects/east-midlands/gate-burton-energy-park/,Energy,Examination,POINT(-0.7340303892283 53.345921830288),,,
TR020005,Gatwick Airport Northern Runway,https://infrastructure.planninginspectorate.gov.uk/projects/south-east/gatwick-airport-northern-runway/,Transport,Pre Examination,POINT(-0.18101565172157 51.153155043547),,,
EN010072,Glyn Rhonwy Pumped Storage,https://infrastructure.planninginspectorate.gov.uk/projects/wales/glyn-rhonwy-pumped-storage/,Energy,Decided,POINT(-4.1482025838042 53.123414833818),,,
TR010043,Great Yarmouth Third River Crossing,https://infrastructure.planninginspectorate.gov.uk/projects/eastern/great-yarmouth-third-river-crossing/,Transport,Decided,POINT(1.7279188889883 52.592537610828),,,
EN020035,Green Gen Vyrnwy Frankton,https://infrastructure.planninginspectorate.gov.uk/projects/wales/green-gen-vyrnwy-frankton/,Energy,Pre Application,POINT(-3.1893379659677 52.740962635111),,,
EN070009,H2Teesside,https://infrastructure.planninginspectorate.gov.uk/projects/north-east/h2teesside/,Energy,Pre Application,POINT(-1.1688355597898 54.608255478023),,,
WA010002,Hampshire Water Transfer and Water Recycling Project,https://infrastructure.planninginspectorate.gov.uk/projects/south-east/hampshire-water-transfer-and-water-recycling-project/,Water,Pre Application,POINT(-0.46247827152414 50.794530436082),,,
TR020004,Heathrow West,https://infrastructure.planninginspectorate.gov.uk/projects/london/heathrow-western-hub/,Transport,Pre Application,POINT(-0.48077056739882 51.474426433597),,,
EN010123,Heckington Fen Solar Park,https://infrastructure.planninginspectorate.gov.uk/projects/east-midlands/heckington-fen-solar-park/,Energy,Examination,POINT(-0.2121351297997 52.993402331642),,,
EN010140,Helios Renewable Energy Project,https://infrastructure.planninginspectorate.gov.uk/projects/yorkshire-and-the-humber/helios-renewable-energy-project/,Energy,Pre Application,POINT(-1.0343051708635 53.727540600974),,,
TR010008,Heysham to M6 Link Road,https://infrastructure.planninginspectorate.gov.uk/projects/north-west/heysham-to-m6-link-road/,Transport,Decided,POINT(-2.799882322271 54.071859571457),,,
TR050007,Hinckley National Rail Freight Interchange,https://infrastructure.planninginspectorate.gov.uk/projects/east-midlands/hinckley-national-rail-freight-interchange/,Transport,Examination,POINT(-1.3178663549606 52.550041378516),,,
EN020001,Hinkley Point C Connection,https://infrastructure.planninginspectorate.gov.uk/projects/south-west/hinkley-point-c-connection/,Energy,Decided,POINT(-2.7727453038524 51.333555859183),,,
EN010001,Hinkley Point C New Nuclear Power Station,https://infrastructure.planninginspectorate.gov.uk/projects/south-west/hinkley-point-c-new-nuclear-power-station/,Energy,Decided,POINT(-3.1279139292638 51.207547796017),,,
EN010102,Hinkley Point C New Nuclear Power Station Material Change 1,https://infrastructure.planninginspectorate.gov.uk/projects/south-west/hinkley-point-c-new-nuclear-power-station-material-change-1/,Energy,Pre Application,POINT(-3.140732753742 51.136735843397),,,
EN010059,Hirwaun Power Station,https://infrastructure.planninginspectorate.gov.uk/projects/wales/hirwaun-power-station/,Energy,Decided,POINT(-3.5407689020616 51.743883818206),,,
EN010033,Hornsea Offshore Wind Farm (Zone 4) - Project One,https://infrastructure.planninginspectorate.gov.uk/projects/yorkshire-and-the-humber/hornsea-offshore-wind-farm-zone-4-project-one/,Energy,Decided,POINT(1.4246390740301 53.991379780282),,,
EN010053,Hornsea Offshore Wind Farm (Zone 4) - Project Two,https://infrastructure.planninginspectorate.gov.uk/projects/yorkshire-and-the-humber/hornsea-offshore-wind-farm-zone-4-project-two/,Energy,Decided,POINT(1.4188296486085 53.998146706817),,,
EN010098,Hornsea Project Four Offshore Wind Farm,https://infrastructure.planninginspectorate.gov.uk/projects/yorkshire-and-the-humber/hornsea-project-four-offshore-wind-farm/,Energy,Decided,POINT(1.2715853197951 54.038545536095),,,
EN010080,Hornsea Project Three Offshore Wind Farm,https://infrastructure.planninginspectorate.gov.uk/projects/eastern/hornsea-project-three-offshore-wind-farm/,Energy,Decided,POINT(2.6833522668144 54.000851769726),,,
EN070006,Humber Low Carbon Pipelines,https://infrastructure.planninginspectorate.gov.uk/projects/yorkshire-and-the-humber/humber-low-carbon-pipelines/,Energy,Pre Application,POINT(-0.41804846258559 53.681540423056),,,
WS010004,Hydrodec Oil Re-Refinery Eastham,https://infrastructure.planninginspectorate.gov.uk/projects/north-west/hydrodec-oil-re-refinery-eastham/,Waste,Pre Application,POINT(-2.9470260651251 53.318286217085),,,
EN070007,HyNet Carbon Dioxide Pipeline,https://infrastructure.planninginspectorate.gov.uk/projects/wales/hynet-carbon-dioxide-pipeline/,Energy,Recommendation,POINT(-3.1158089890976 53.231329338708),,,
EN060006,Hynet North West Hydrogen Pipeline,https://infrastructure.planninginspectorate.gov.uk/projects/north-west/hynet-north-west-hydrogen-pipeline/,Energy,Pre Application,POINT(-2.5994977390189 53.298614170206),,,
TR030007,Immingham Eastern Ro-Ro Terminal,https://infrastructure.planninginspectorate.gov.uk/projects/yorkshire-and-the-humber/immingham-eastern-ro-ro-terminal/,Transport,Examination,POINT(-0.18522461776545 53.619839277676),,,
TR030008,Immingham Green Energy Terminal,https://infrastructure.planninginspectorate.gov.uk/projects/yorkshire-and-the-humber/immingham-green-energy-terminal/,Transport,Acceptance,POINT(-0.16657460507609 53.621047283255),,,
EN010062,Internal Power Generation Enhancement for Port Talbot Steelworks,https://infrastructure.planninginspectorate.gov.uk/projects/wales/internal-power-generation-enhancement-for-port-talbot-steelworks/,Energy,Decided,POINT(-3.7714176259436 51.580868042676),,,
BC030001,International Advanced Manufacturing Park TWO (IAMP TWO),https://infrastructure.planninginspectorate.gov.uk/projects/north-east/international-advanced-manufacturing-park-two-iamp-two/,Business & Commercial,Withdrawn,POINT(-1.4707094835602 54.9269260459),,,
TR040002,Ipswich Rail Chord,https://infrastructure.planninginspectorate.gov.uk/projects/eastern/ipswich-rail-chord/,Transport,Decided,POINT(1.1260243245738 52.060994549116),,,
EN010114,Keadby 3 Carbon Capture Power Station,https://infrastructure.planninginspectorate.gov.uk/projects/yorkshire-and-the-humber/keadby-3-carbon-capture-power-station/,Energy,Decided,POINT(-0.7555502520570599 53.596019869753),,,
EN010090,Kemsley Paper Mill (K4) CHP Plant,https://infrastructure.planninginspectorate.gov.uk/projects/south-east/kemsley-paper-mill-k4-chp-plant/,Energy,Decided,POINT(0.7581526733310699 51.362922304627),,,
EN010036,Kentish Flats Extension,https://infrastructure.planninginspectorate.gov.uk/projects/south-east/kentish-flats-extension/,Energy,Decided,POINT(1.0960761052528 51.417081992757),,,
EN030002,Keuper Gas Storage Project,https://infrastructure.planninginspectorate.gov.uk/projects/north-west/keuper-gas-storage-project/,Energy,Decided,POINT(-2.4386025218666 53.222988216889),,,
EN020003,Kings Lynn B Connection Project,https://infrastructure.planninginspectorate.gov.uk/projects/eastern/kings-lynn-b-connection-project/,Energy,Decided,POINT(0.37146904166189 52.7219881926),,,
EN010050,Knottingley Power Project,https://infrastructure.planninginspectorate.gov.uk/projects/yorkshire-and-the-humber/knottingley-power-project/,Energy,Decided,POINT(-1.2301548620124 53.707276943235),,,
TR010023,Lake Lothing Third Crossing,https://infrastructure.planninginspectorate.gov.uk/projects/eastern/lake-lothing-third-crossing/,Transport,Decided,POINT(1.7352026079711 52.473975751254),,,
WS010006,Larkshall Mill Aggregate Manufacturing and Carbon Capture Facility,,Waste,Withdrawn,POINT(0.82538194228855 52.466277586421),,,
EN010150,Lighthouse Green Fuels Project,https://infrastructure.planninginspectorate.gov.uk/projects/north-east/lighthouse-green-fuels-project/,Energy,Pre Application,POINT(-1.198701024308 54.597995850611),,,
WA010003,Lincolnshire Reservoir,https://infrastructure.planninginspectorate.gov.uk/projects/east-midlands/lincolnshire-reservoir/,Water,Pre Application,POINT(-0.34041374855924 52.943127673549),,,
EN020033,LionLink Multi-Purpose Interconnector,https://infrastructure.planninginspectorate.gov.uk/projects/eastern/lionlink-multi-purpose-interconnector/,Energy,Pre Application,POINT(1.5314471314561 52.197779849665),,,
EN010101,Little Crow Solar Park,https://infrastructure.planninginspectorate.gov.uk/projects/yorkshire-and-the-humber/little-crow-solar-park/,Energy,Decided,POINT(-0.57741909595528 53.577618478956),,,
TR020001,London Luton Airport Expansion,https://infrastructure.planninginspectorate.gov.uk/projects/eastern/london-luton-airport-expansion/,Transport,Examination,POINT(-0.37141737884035 51.874948971291),,,
EN010118,Longfield Solar Farm,https://infrastructure.planninginspectorate.gov.uk/projects/eastern/longfield-solar-farm/,Energy,Decided,POINT(0.5449876958453 51.783186242049),,,
TR010032,Lower Thames Crossing,https://infrastructure.planninginspectorate.gov.uk/projects/south-east/lower-thames-crossing/,Transport,Examination,POINT(0.3527426750176 51.502924156976),,,
TR010009,M1 Junction 10a Grade Separation - Luton,https://infrastructure.planninginspectorate.gov.uk/projects/eastern/m1-junction-10a-grade-separation-luton/,Transport,Decided,POINT(-0.41342815107735 51.859039327449),,,
TR010006,M20 Junction 10A,https://infrastructure.planninginspectorate.gov.uk/projects/south-east/m20-junction-10a/,Transport,Decided,POINT(0.91701041428057 51.134465439336),,,
TR010030,M25 junction 10/A3 Wisley interchange improvement,https://infrastructure.planninginspectorate.gov.uk/projects/south-east/m25-junction-10a3-wisley-interchange-improvement/,Transport,Decided,POINT(-0.44855323616278 51.321530590461),,,
TR010029,M25 junction 28 improvements,https://infrastructure.planninginspectorate.gov.uk/projects/south-east/m25-junction-28-improvements/,Transport,Decided,POINT(0.25843543630655 51.610953231988),,,
TR010055,M3 Junction 9 Improvement,https://infrastructure.planninginspectorate.gov.uk/projects/south-east/m3-junction-9-improvement/,Transport,Examination,POINT(-1.2910385389308 51.071513296744),,,
TR010027,M42 Junction 6 Improvement,https://infrastructure.planninginspectorate.gov.uk/projects/west-midlands/m42-junction-6-improvement/,Transport,Decided,POINT(-1.708334933826 52.444753086394),,,
TR010019,M4 Junctions 3 to 12 Smart Motorway,https://infrastructure.planninginspectorate.gov.uk/projects/south-east/m4-junctions-3-to-12-smart-motorway/,Transport,Decided,POINT(-0.7513425014789999 51.48675686786),,,
TR010054,M54 to M6 Link Road,https://infrastructure.planninginspectorate.gov.uk/projects/west-midlands/m54-to-m6-link-road/,Transport,Decided,POINT(-2.0764444508168 52.650907821818),,,
TR010063,M5 Junction 10 Improvements Scheme,https://infrastructure.planninginspectorate.gov.uk/projects/south-west/m5-junction-10-improvements-scheme/,Transport,Pre Application,POINT(-2.1321898378296 51.925925708851),,,
TR010064,M60/M62/M66 Simister Island,https://infrastructure.planninginspectorate.gov.uk/projects/north-west/m60-m62-m66-simister-island/,Transport,Pre Application,POINT(-2.259114609986 53.549559508913),,,
EN010127,Mallard Pass Solar Project,https://infrastructure.planninginspectorate.gov.uk/projects/east-midlands/mallard-pass-solar-project/,Energy,Examination,POINT(-0.44974061192302 52.691229759585),,,
TR020002,Manston Airport,https://infrastructure.planninginspectorate.gov.uk/projects/south-east/manston-airport/,Transport,Decided,POINT(1.3532831562741 51.344534111213),,,
EN010064,Meaford Energy Centre,https://infrastructure.planninginspectorate.gov.uk/projects/west-midlands/meaford-energy-centre/,Energy,Decided,POINT(-2.1636399296931 52.92458173023),,,
EN010110,Medworth Energy from Waste Combined Heat and Power Facility,https://infrastructure.planninginspectorate.gov.uk/projects/eastern/medworth-energy-from-waste-combined-heat-and-power-facility/,Energy,Recommendation,POINT(0.15206756644735 52.649469763487),,,
EN020010,Mid Wales Electricity Connection (N Grid),https://infrastructure.planninginspectorate.gov.uk/projects/wales/mid-wales-electricity-connection-n-grid/,Energy,Pre Application,POINT(-3.1186426619964 52.701910180629),,,
EN010068,Millbrook Power,https://infrastructure.planninginspectorate.gov.uk/projects/eastern/millbrook-power/,Energy,Decided,POINT(-0.5213434678484899 52.055286388247),,,
EN010121,Morecambe Offshore Windfarm Generation Assets,https://infrastructure.planninginspectorate.gov.uk/projects/north-west/morecambe-offshore-windfarm/,Energy,Pre Application,POINT(-3.6077835737469 53.799752155372),,,
EN020032,Morgan and Morecambe Offshore Wind Farms Transmission Assets,https://infrastructure.planninginspectorate.gov.uk/projects/north-west/morgan-and-morecambe-offshore-wind-farms-transmission-assets/,Energy,Pre Application,POINT(-3.0544270682473 53.768773448935),,,
TR010010,Morpeth Northern Bypass,https://infrastructure.planninginspectorate.gov.uk/projects/north-east/morpeth-northern-bypass/,Transport,Decided,POINT(-1.6953072049118 55.183067223353),,,
EN010020,Mynydd y Gwynt Wind Farm,https://infrastructure.planninginspectorate.gov.uk/projects/wales/mynydd-y-gwynt-wind-farm/,Energy,Decided,POINT(-3.7067763266661 52.44126616232),,,
EN020023,Nautilus Interconnector,https://infrastructure.planninginspectorate.gov.uk/projects/eastern/nautilus-interconnector/,Energy,Pre Application,POINT(1.5332694922112 52.196350024852),,,
EN010024,Navitus Bay Wind Park,https://infrastructure.planninginspectorate.gov.uk/projects/south-east/navitus-bay-wind-park/,Energy,Decided,POINT(-1.6520557269143 50.36586834902),,,
EN010087,Norfolk Boreas,https://infrastructure.planninginspectorate.gov.uk/projects/eastern/norfolk-boreas/,Energy,Decided,POINT(2.4475556828508 52.963597232659),,,
EN010079,Norfolk Vanguard,https://infrastructure.planninginspectorate.gov.uk/projects/eastern/norfolk-vanguard/,Energy,Decided,POINT(2.1511325406264 52.83888157308),,,
TR050006,Northampton Gateway Rail Freight Interchange,https://infrastructure.planninginspectorate.gov.uk/projects/east-midlands/northampton-gateway-rail-freight-interchange/,Transport,Decided,POINT(-0.9072913702019 52.183280523299),,,
TR040001,North Doncaster Rail Chord (near Shaftholme),https://infrastructure.planninginspectorate.gov.uk/projects/yorkshire-and-the-humber/north-doncaster-rail-chord-near-shaftholme/,Transport,Decided,POINT(-1.1200579140983 53.587667997341),,,
EN010119,North Falls Offshore Wind Farm,https://infrastructure.planninginspectorate.gov.uk/projects/eastern/north-falls-offshore-wind-farm/,Energy,Pre Application,POINT(1.9023452890953 51.718576885169),,,
EN020034,North Humber to High Marnham,https://infrastructure.planninginspectorate.gov.uk/projects/yorkshire-and-the-humber/north-humber-to-high-marnham/,Energy,Pre Application,POINT(-0.79169754310489 53.559272548333),,,
EN010038,North Killingholme Power Project,https://infrastructure.planninginspectorate.gov.uk/projects/yorkshire-and-the-humber/north-killingholme-power-project/,Energy,Decided,POINT(-0.25008347355094 53.663065772589),,,
EN010116,North Lincolnshire Green Energy Park,https://infrastructure.planninginspectorate.gov.uk/projects/yorkshire-and-the-humber/north-lincolnshire-green-energy-park/,Energy,Decision,POINT(-0.70120161621619 53.619823079326),,,
EN020009,North London (Electricity Line) Reinforcement,https://infrastructure.planninginspectorate.gov.uk/projects/london/north-london-electricity-line-reinforcement/,Energy,Decided,POINT(-0.045661799530857 51.603334729713),,,
EN010071,North London Heat and Power Project,https://infrastructure.planninginspectorate.gov.uk/projects/london/north-london-heat-and-power-project/,Energy,Decided,POINT(-0.038976693921746 51.61770280744),,,
EN020014,North Wales Wind Farms Connection,https://infrastructure.planninginspectorate.gov.uk/projects/wales/north-wales-wind-farms-connection/,Energy,Decided,POINT(-3.4690281900453 53.087557035142),,,
TR010015,Norwich Northern Distributor Road (NDR),https://infrastructure.planninginspectorate.gov.uk/projects/eastern/norwich-northern-distributor-road-ndr/,Transport,Decided,POINT(1.3345975129356 52.657239619231),,,
EN020027,Norwich to Tilbury,https://infrastructure.planninginspectorate.gov.uk/projects/eastern/norwich-to-tilbury/,Energy,Pre Application,POINT(1.2722995007918 52.573951691766),,,
EN010122,Oaklands Farm Solar Project,https://infrastructure.planninginspectorate.gov.uk/projects/east-midlands/oaklands-farm-solar-project/,Energy,Pre Application,POINT(-1.6547322 52.75461),,,
TR030004,Oikos Marine & South Side Development,https://infrastructure.planninginspectorate.gov.uk/projects/eastern/oikos-marine-south-side-development/,Transport,Pre Application,POINT(0.56006114991864 51.510677975101),,,
EN010159,One Earth Solar Farm,https://infrastructure.planninginspectorate.gov.uk/projects/east-midlands/one-earth-solar-farm/,Energy,Pre Application,POINT(-0.7612787031879999 53.230290413157),,,
EN010130,Outer Dowsing Offshore Wind (Generating Station),https://infrastructure.planninginspectorate.gov.uk/projects/east-midlands/outer-dowsing-offshore-wind-generating-station/,Energy,Pre Application,POINT(1.2746859059265 53.560882997234),,,
TR050008,Oxfordshire Strategic Rail Freight Interchange,https://infrastructure.planninginspectorate.gov.uk/projects/south-east/oxfordshire-strategic-rail-freight-interchange/,Transport,Pre Application,POINT(-1.2216476089469 51.931753336273),,,
EN010039,Palm Paper 3 CCGT Power station Kings Lynn,https://infrastructure.planninginspectorate.gov.uk/projects/eastern/palm-paper-3-ccgt-power-station-kings-lynn/,Energy,Decided,POINT(0.38552966545871 52.733477478231),,,
EN010157,Peartree Hill Solar Farm,https://infrastructure.planninginspectorate.gov.uk/projects/yorkshire-and-the-humber/peartree-hill-solar-farm/,Energy,Pre Application,POINT(-0.34228965784708 53.852932851605),,,
WS010002,Perrys Farm Hazardous Waste Management Facility,https://infrastructure.planninginspectorate.gov.uk/projects/south-east/perrys-farm-hazardous-waste-management-facility/,Waste,Pre Application,POINT(0.70488288198592 51.453439136647),,,
EN010016,Port Blyth New Biomass Plant,https://infrastructure.planninginspectorate.gov.uk/projects/north-east/port-blyth-new-biomass-plant/,Energy,Decided,POINT(-1.5145614073701 55.138004619866),,,
TR040011,Portishead Branch Line - MetroWest Phase 1,https://infrastructure.planninginspectorate.gov.uk/projects/south-west/portishead-branch-line-metrowest-phase-1/,Transport,Decided,POINT(-2.7615229238543 51.48441200795),,,
EN030001,Preesall Saltfield Underground Gas Storage,https://infrastructure.planninginspectorate.gov.uk/projects/north-west/preesall-saltfield-underground-gas-storage/,Energy,Decided,POINT(-2.9742913669906 53.906018503104),,,
EN010060,Progress Power Station,https://infrastructure.planninginspectorate.gov.uk/projects/eastern/progress-power-station/,Energy,Decided,POINT(1.1300609451255 52.332169703082),,,
EN010117,Rampion 2 Offshore Wind Farm,https://infrastructure.planninginspectorate.gov.uk/projects/south-east/rampion-2-offshore-wind-farm/,Energy,Pre Examination,POINT(-0.56075472150367 50.799057860141),,,
EN010032,Rampion Offshore Wind Farm,https://infrastructure.planninginspectorate.gov.uk/projects/south-east/rampion-offshore-wind-farm/,Energy,Decided,POINT(-0.13026043637914 50.64188572482),,,
TR040005,Redditch Branch Enhancement Scheme,https://infrastructure.planninginspectorate.gov.uk/projects/west-midlands/redditch-branch-enhancement-scheme/,Transport,Decided,POINT(-1.9684172378665 52.350350929407),,,
EN020021,Reinforcement to North Shropshire Electricity Distribution Network,https://infrastructure.planninginspectorate.gov.uk/projects/west-midlands/reinforcement-to-north-shropshire-electricity-distribution-network/,Energy,Decided,POINT(-2.8854849868683 52.846053101403),,,
EN020017,Richborough Connection Project,https://infrastructure.planninginspectorate.gov.uk/projects/south-east/richborough-connection-project/,Energy,Decided,POINT(1.2443642380089 51.310676151295),,,
EN010138,Rivenhall IWMF and Energy Centre,https://infrastructure.planninginspectorate.gov.uk/projects/eastern/rivenhall-iwmf-and-energy-centre/,Energy,Pre Application,POINT(0.64575478521552 51.853661898339),,,
EN060004,River Humber Gas Pipeline Replacement Project,https://infrastructure.planninginspectorate.gov.uk/projects/yorkshire-and-the-humber/river-humber-gas-pipeline-replacement-project/,Energy,Decided,POINT(-0.24189389987691 53.702332935513),,,
EN010093,Riverside Energy Park,https://infrastructure.planninginspectorate.gov.uk/projects/london/riverside-energy-park/,Energy,Decided,POINT(0.1546306976051 51.504753945777),,,
WA020001,River Thames Scheme,https://infrastructure.planninginspectorate.gov.uk/projects/south-east/river-thames-scheme/,Water,Pre Application,POINT(-0.48782793296358 51.395874084788),,,
EN010011,Rookery South Energy from Waste Generating Station,https://infrastructure.planninginspectorate.gov.uk/projects/eastern/rookery-south-energy-from-waste-generating-station/,Energy,Decided,POINT(-0.51494723713858 52.059018720845),,,
EN010158,Rosefield Solar Farm,https://infrastructure.planninginspectorate.gov.uk/projects/eastern/rosefield-solar-farm/,Energy,Pre Application,POINT(-0.99569306026341 51.923284357212),,,
EN010058,Seabank 3 CCGT,https://infrastructure.planninginspectorate.gov.uk/projects/south-west/seabank-3-ccgt/,Energy,Pre Application,POINT(-2.6694704872271 51.53940596441),,,
EN020026,Sea Link,https://infrastructure.planninginspectorate.gov.uk/projects/south-east/sea-link/,Energy,Pre Application,POINT(1.7807879841344 51.801774496354),,,
EN010109,Sheringham and Dudgeon Extension Projects,https://infrastructure.planninginspectorate.gov.uk/projects/eastern/sheringham-and-dudgeon-extension-projects/,Energy,Recommendation,POINT(1.2700690278435 52.564615008475),,,
TR010021,Silvertown Tunnel,https://infrastructure.planninginspectorate.gov.uk/projects/london/silvertown-tunnel/,Transport,Decided,POINT(0.013480604523742 51.501093009527),,,
EN010129,Slough Multifuel Extension Project,https://infrastructure.planninginspectorate.gov.uk/projects/south-east/slough-multifuel-project/,Energy,Decision,POINT(-0.62775079786426 51.523485310448),,,
EN070005,Southampton to London Pipeline Project,https://infrastructure.planninginspectorate.gov.uk/projects/south-east/southampton-to-london-pipeline-project/,Energy,Decided,POINT(-0.93202867664817 51.168053994968),,,
EN010054,South Hook Combined Heat & Power Station,https://infrastructure.planninginspectorate.gov.uk/projects/wales/south-hook-combined-heat-power-station/,Energy,Decided,POINT(-5.077915321826 51.71471315153),,,
EN010107,South Humber Bank Energy Centre,https://infrastructure.planninginspectorate.gov.uk/projects/yorkshire-and-the-humber/south-humber-bank-energy-centre/,Energy,Decided,POINT(-0.13963675806158 53.60266436236),,,
EN020008,SP Mid Wales (Electricity) Connections Project (SP Manweb),https://infrastructure.planninginspectorate.gov.uk/projects/wales/sp-mid-wales-electricity-connections-project-sp-manweb/,Energy,Pre Application,POINT(-3.5296574552854 52.555440264014),,,
EN010149,Springwell Solar Farm,https://infrastructure.planninginspectorate.gov.uk/projects/east-midlands/springwell-solar-farm/,Energy,Pre Application,POINT(-0.4228191554673 53.098843127079),,,
TR040004,Stafford Area Improvements - Norton Bridge Railway,https://infrastructure.planninginspectorate.gov.uk/projects/west-midlands/stafford-area-improvements-norton-bridge-railway/,Transport,Decided,POINT(-2.1894321638725 52.869252531554),,,
EN010135,Stonestreet Green Solar,https://infrastructure.planninginspectorate.gov.uk/projects/south-east/stonestreet-green-solar/,Energy,Pre Application,POINT(0.93671152610757 51.102281485587),,,
EN010106,Sunnica Energy Farm,https://infrastructure.planninginspectorate.gov.uk/projects/eastern/sunnica-energy-farm/,Energy,Decision,POINT(0.43857792003126 52.276655384875),,,
EN010082,Tees CCPP,https://infrastructure.planninginspectorate.gov.uk/projects/north-east/tees-ccpp/,Energy,Decided,POINT(-1.1252885336795 54.575507091395),,,
EN010126,Temple Oaks Renewable Energy Park,https://infrastructure.planninginspectorate.gov.uk/projects/east-midlands/temple-oaks-renewable-energy-park/,Energy,Pre Application,POINT(-0.4418278710292 52.861754696567),,,
BC010001,Test case,https://infrastructure.planninginspectorate.gov.uk/projects/south-west/test-case/,Business & Commercial,Pre Examination,POINT(0.31158528267897 51.455872349307),,,
WW010001,Thames Tideway Tunnel,https://infrastructure.planninginspectorate.gov.uk/projects/london/thames-tideway-tunnel/,Waste Water,Decided,POINT(-0.11074036781367 51.508979128359),,,
EN010084,Thanet Extension Offshore Wind Farm,https://infrastructure.planninginspectorate.gov.uk/projects/south-east/thanet-extension-offshore-wind-farm/,Energy,Decided,POINT(1.5499022704315 51.4242458772),,,
BC080001,The London Resort,https://infrastructure.planninginspectorate.gov.uk/projects/south-east/the-london-resort/,Business & Commercial,Withdrawn,POINT(0.31323952875368 51.455348871558),,,
EN010103,The Net Zero Teesside Project,https://infrastructure.planninginspectorate.gov.uk/projects/north-east/the-net-zero-teesside-project/,Energy,Decision,POINT(-1.1192657431242 54.618741429831),,,
EN010012,The Sizewell C Project,https://infrastructure.planninginspectorate.gov.uk/projects/eastern/the-sizewell-c-project/,Energy,Decided,POINT(1.6166447707429 52.207044854054),,,
EN010074,The West Somerset Tidal Lagoon,https://infrastructure.planninginspectorate.gov.uk/projects/south-west/the-west-somerset-tidal-lagoon/,Energy,Pre Application,POINT(-3.3472239757552 51.193761475303),,,
EN070003,Thorpe Marsh Gas Pipeline,https://infrastructure.planninginspectorate.gov.uk/projects/yorkshire-and-the-humber/thorpe-marsh-gas-pipeline/,Energy,Decided,POINT(-1.0529270030879 53.657355552643),,,
EN010092,Thurrock Flexible Generation Plant,https://infrastructure.planninginspectorate.gov.uk/projects/south-east/thurrock-flexible-generation-plant/,Energy,Decided,POINT(0.39344422657936 51.462925784784),,,
EN010073,Tidal Lagoon Cardiff,https://infrastructure.planninginspectorate.gov.uk/projects/wales/tidal-lagoon-cardiff/,Energy,Pre Application,POINT(-3.0442935687705 51.43278294607),,,
EN010049,Tidal Lagoon Swansea Bay,https://infrastructure.planninginspectorate.gov.uk/projects/wales/tidal-lagoon-swansea-bay/,Energy,Decided,POINT(-3.9092659144981 51.604778157189),,,
EN010099,TIGRE Project 1 (TP1),https://infrastructure.planninginspectorate.gov.uk/projects/eastern/tigre-project-1-tp1/,Energy,Pre Application,POINT(1.9983001048668 53.500273338555),,,
TR030003,Tilbury2,https://infrastructure.planninginspectorate.gov.uk/projects/south-east/tilbury2/,Transport,Decided,POINT(0.38680954128908 51.458172860982),,,
EN010142,Tillbridge Solar Project,https://infrastructure.planninginspectorate.gov.uk/projects/east-midlands/tillbridge-solar-project/,Energy,Pre Application,POINT(-0.62779806678828 53.393092399452),,,
EN020019,Triton Knoll Electrical System,https://infrastructure.planninginspectorate.gov.uk/projects/east-midlands/triton-knoll-electrical-system/,Energy,Decided,POINT(-0.21822885424786 52.930664942582),,,
EN010005,Triton Knoll Offshore Wind Farm,https://infrastructure.planninginspectorate.gov.uk/projects/east-midlands/triton-knoll-offshore-wind-farm/,Energy,Decided,POINT(0.79780529538761 53.429699607612),,,
EN010148,Tween Bridge Solar Farm,https://infrastructure.planninginspectorate.gov.uk/projects/yorkshire-and-the-humber/tween-bridge-solar-farm/,Energy,Pre Application,POINT(-0.92325751344905 53.608447983665),,,
EN070008,Viking CCS Pipeline,https://infrastructure.planninginspectorate.gov.uk/projects/yorkshire-and-the-humber/viking-ccs-pipeline/,Energy,Pre Application,POINT(-0.068256887438021 53.476957877619),,,
EN010097,VPI Immingham OCGT,https://infrastructure.planninginspectorate.gov.uk/projects/north-east/vpi-immingham-ocgt/,Energy,Decided,POINT(-0.23458949435334 53.640092329193),,,
EN010027,Walney Extension Offshore Wind Farm,https://infrastructure.planninginspectorate.gov.uk/projects/north-west/walney-extension-offshore-wind-farm/,Energy,Decided,POINT(-3.4319190786936 54.031809161901),,,
EN010088,West Burton C power station,https://infrastructure.planninginspectorate.gov.uk/projects/north-east/west-burton-c-power-station/,Energy,Decided,POINT(-0.79509088566949 53.364408870965),,,
EN010132,West Burton Solar Project,https://infrastructure.planninginspectorate.gov.uk/projects/east-midlands/west-burton-solar-project/,Energy,Pre Examination,POINT(-0.67745461980434 53.292621651827),,,
TR040009,Western Rail Link to Heathrow,https://infrastructure.planninginspectorate.gov.uk/projects/south-east/western-rail-link-to-heathrow/,Transport,Pre Application,POINT(-0.50656858271533 51.484830274704),,,
TR050005,West Midlands Interchange,https://infrastructure.planninginspectorate.gov.uk/projects/west-midlands/west-midlands-interchange/,Transport,Decided,POINT(-2.1201769551323 52.684523835178),,,
EN010083,Wheelabrator Kemsley Generating Station (K3) and Wheelabrator Kemsley North (WKN) Waste to Energy Facility,https://infrastructure.planninginspectorate.gov.uk/projects/south-east/wheelabrator-kemsley-generating-station-k3-and-wheelabrator-kemsley-north-wkn-waste-to-energy-facility/,Energy,Decided,POINT(0.76083032408883 51.365872523238),,,
WS010003,Whitemoss Landfill Western Extension,https://infrastructure.planninginspectorate.gov.uk/projects/north-west/whitemoss-landfill-western-extension/,Waste,Decided,POINT(-2.801939652145 53.538368760586),,,
EN010048,White Rose Carbon Capture and Storage Project,https://infrastructure.planninginspectorate.gov.uk/projects/yorkshire-and-the-humber/white-rose-carbon-capture-and-storage-project/,Energy,Decided,POINT(-0.9926390932325 53.7465884405),,,
EN060001,Willington C Gas Pipeline,https://infrastructure.planninginspectorate.gov.uk/projects/west-midlands/willington-c-gas-pipeline/,Energy,Decided,POINT(-1.5425896251483 52.855945041801),,,
TR010011,Woodside Link Houghton Regis Bedfordshire,https://infrastructure.planninginspectorate.gov.uk/projects/eastern/woodside-link-houghton-regis-bedfordshire/,Transport,Decided,POINT(-0.49665194347867 51.909888759745),,,
EN010055,Wrexham Energy Centre,https://infrastructure.planninginspectorate.gov.uk/projects/wales/wrexham-energy-centre/,Energy,Decided,POINT(-2.9060402851082 53.047071807548),,,
TR030002,York Potash Harbour Facilities Order,https://infrastructure.planninginspectorate.gov.uk/projects/north-east/york-potash-harbour-facilities-order/,Transport,Decided,POINT(-1.1492958668676 54.616592258606),,,
EN070001,Yorkshire and Humber CCS Cross Country Pipeline,https://infrastructure.planninginspectorate.gov.uk/projects/yorkshire-and-the-humber/yorkshire-and-humber-ccs-cross-country-pipeline/,Energy,Decided,POINT(-0.54097208308862 53.877400250393),,,
EN020024,Yorkshire GREEN,https://infrastructure.planninginspectorate.gov.uk/projects/yorkshire-and-the-humber/yorkshire-green/,Energy,Recommendation,POINT(-1.2740620478897 53.900774347168),,,
